<Chapter>
    <Title>Seznamy v Pythonu</Title>
    <Theory>
        <text>Seznamy jsou základním datovým typem pro ukládání více hodnot v jedné proměnné.</text>
    </Theory>
    <Warning>
        <text>Dávej pozor na indexování – začíná od nuly!</text>
    </Warning>
    <Code>
        <text>prvky = [1, 2, 3]</text>
    </Code>
    <ai_prompt>
        <prompt>Napiš Python kód, který přidá číslo do seznamu.</prompt>
    </ai_prompt>
    <Links>
        <Link>https://www.w3schools.com/python/python_lists.asp</Link>
    </Links>
</Chapter>

