<Chapter>
  <Title>Chapter 1: Introduction to Python Lists</Title>
  <Theory>
    <text>Python seznamy jsou základními datovými strukturami, které umožňují ukládat více hodnot v jednom objektu. Seznamy jsou uspořádané a měnitelné, což znamená, že můžeme přidávat, odebírat a měnit jejich hodnoty.</text>
    <note>Seznamy mohou obsahovat různé datové typy, včetně čísel, řetězců a dalších seznamů.</note>
  </Theory>
  <Warning>
    <text>Pokud seznam obsahuje mnoho prvků, může být práce s ním pomalá, zejména při vyhledávání nebo řazení.</text>
    <note>Vždy je dobré použít efektivní algoritmy pro práci s velkými seznamy, pokud se očekává, že budou obsahovat mnoho dat.</note>
  </Warning>
  <Code>
    <text># Vytvoření seznamu v Pythonu\nnumbers = [1, 2, 3, 4, 5]</text>
    <note>Seznamy v Pythonu jsou definovány pomocí hranatých závorek []. Prvky seznamu mohou být odděleny čárkami.</note>
  </Code>
  <ai_prompt>
    <prompt>Vytvoř Python seznam, který obsahuje jména a následně vypiš všechny prvky seznamu. 100 charakteru jenom.</prompt>
    <note>Seznamy mohou obsahovat různé datové typy. Ujisti se, že prompt obsahuje konkrétní požadavky pro zadání seznamu jmen.</note>
  </ai_prompt>
  <Links>
    <Link>https://docs.python.org/3/tutorial/datastructures.html</Link>
    <Link>https://realpython.com/python-lists-tuples/</Link>
    <note>Dokumentace Pythonu a užitečné články pro práci se seznamy.</note>
  </Links>
  <Video>
    <file_name>python_lists_intro.mp4</file_name>
    <note>Video o základech práce se seznamy v Pythonu.</note>
  </Video>
</Chapter>