<Chapter>
  <Title>Chapter 2: Introduction to Python Dictionaries</Title>
  <Theory>
    <text>Python dictionary je datová struktura, která uchovává páry klíč-hodnota. Klíče musí být jedinečné a jsou neměnné, zatímco hodnoty mohou být libovolného datového typu. Dictionaries jsou neřazené a změnitelné.</text>
    <note>Dictionaries v Pythonu se definují pomocí složených závorek {}. Klíče slouží k přístupu k hodnotám v dictionary.</note>
  </Theory>
  <Warning>
    <text>Pokud se pokusíte použít neměnné datové typy (např. seznamy) jako klíče, dojde k chybě. Ujistěte se, že klíče jsou hashovatelné.</text>
    <note>Pokud máte velké dictionary, mějte na paměti, že operace s nimi mohou být pomalé, zejména pokud používáte složité klíče nebo hodnoty.</note>
  </Warning>
  <Code>
    <text># Vytvoření dictionary v Pythonu\ndictionary = {'jablko': 3, 'banán': 5, 'pomeranč': 2}</text>
    <note>Dictionaries jsou definovány jako seznam klíč-hodnota, kde každému klíči je přiřazena hodnota. Klíče jsou jedinečné.</note>
  </Code>
  <ai_prompt>
    <prompt>Vytvoř Python dictionary, který obsahuje různé ovoce a jejich počet. Poté vypiš všechny klíče a hodnoty.</prompt>
    <note>Ujistěte se, že v promptu zadáte konkrétní požadavek na ovoce a jejich počty v dictionary.</note>
  </ai_prompt>
  <Links>
    <Link>https://docs.python.org/3/tutorial/datastructures.html#dictionaries</Link>
    <Link>https://realpython.com/python-dicts/</Link>
    <note>Oficiální dokumentace Pythonu a článek o práci s dictionary.</note>
  </Links>
  <Video>
    <file_name>python_dictionaries_intro.mp4</file_name>
    <note>Video o základech práce s Python dictionaries.</note>
  </Video>
</Chapter>