<chapter>
    <title>Úvod do Pythonu</title>
    <theory>
        <text>Python je vysokoúrovňový programovací jazyk známý svou čitelností a jednoduchou syntaxí.</text>
    </theory>
    <warning>
        <text>Dávej pozor na odsazení – v Pythonu určuje bloky kódu.</text>
    </warning>
    <code>
        <text>
print("Ahoj, světe!")
        </text>
    </code>
    <ai_prompt>
        <prompt>Vysvětli rozdíl mezi seznamem a slovníkem v Pythonu.</prompt>
    </ai_prompt>
    <links>
        <Link>https://docs.python.org/3/tutorial/index.html</Link>
    </links>
    <quiz>
        <question>
            <text>What is a dictionary in Python?</text>
            <answer correct="TRUE">A collection of key-value pairs</answer>
            <answer correct="FALSE">A list of items</answer>
            <answer correct="FALSE">An ordered collection</answer>
            <answer correct="FALSE">A set of unique keys</answer>
        </question>
        <question>
            <text>Which symbol is used to start a comment in Python?</text>
            <answer correct="TRUE">#</answer>
            <answer correct="FALSE">//</answer>
            <answer correct="FALSE">--</answer>
            <answer correct="FALSE">/* */</answer>
        </question>
        <question>
            <text>What is the output of print(2 + 3 * 4)?</text>
            <answer correct="TRUE">14</answer>
            <answer correct="FALSE">20</answer>
            <answer correct="FALSE">24</answer>
            <answer correct="FALSE">9</answer>
        </question>
    </quiz>
</chapter>
