<chapter>
	<title>Seznamy v Pythonu</title>
	<theory>
        <text>Python <i>seznam</i> je datová struktura, která uchovává uspořádanou kolekci položek. Může obsahovat libovolný typ dat, například <b>čísla</b>, <b>řetězce</b>, nebo dokonce <i>jiné seznamy</i>. Seznamy jsou indexovány a <b>indexy začínají od 0</b>.</text>
        <note>Seznamy se v Pythonu definují pomocí hranatých závorek []. Například: <pre>my_list = [1, 2, 3]</pre>.</note>
    </theory>
	<warning>
        <text>Seznamy v Pythonu jsou mutabilní, což znamená, že jejich obsah může být změněn po vytvoření.</text>
        <note>Například: <pre>my_list[0] = 10</pre> změní první prvek seznamu na hodnotu 10.</note>
    </warning>
	<code>
        <text>my_list = [1, "ahoj", 3.14, True]</text>
        <note><pre>Seznamy se používají pro ukládání více hodnot do jedné proměnné. Příklad kódu pro vytvoření seznamu:</pre></note>
    </code>
	<ai_prompt>
        <prompt>Vysvětli, jak používat seznamy v Pythonu</prompt>
        <note>Seznamy jsou skvělé pro práci s více datovými položkami najednou a mají mnoho užitečných metod jako <b>append()</b>, <b>remove()</b>, a <b>pop()</b>.</note>
    </ai_prompt>
	<links>
        <link>https://docs.python.org/3/tutorial/datastructures.html#lists</link>
        <note>Oficiální dokumentace o seznamu v Pythonu.</note>
    </links>
	<video>
        <file_name>lists.mp4</file_name>
        <note>Video o práci se seznamy v Pythonu.</note>
    </video>
	<quiz>
		<question>
            <text>Jaký je index prvního prvku v seznamu Pythonu?</text>
            <note>Pamatujte, seznamy mají indexování začínající od 0!</note>
            <answer correct=FALSE>1</answer>
            <answer correct=FALSE>2</answer>
            <answer correct=FALSE>-1</answer>
            <answer correct=TRUE>0</answer>
        </question>
		<question>
            <text>Co tento kód vypíše? <pre>my_list = [1, 2, 3]; print(my_list[1])</pre></text>
            <note>Ujistěte se, že rozumíte indexování v seznamech!</note>
            <answer correct=TRUE>2</answer>
            <answer correct=FALSE>1</answer>
            <answer correct=FALSE>3</answer>
            <answer correct=FALSE>None</answer>
        </question>
        <question>
            <text>Která z následujících metod přidá položku na konec seznamu?</text>
            <note>Metody jako <b>append()</b> a <b>insert()</b> se používají pro modifikaci seznamů.</note>
            <answer correct=TRUE>append()</answer>
            <answer correct=FALSE>remove()</answer>
            <answer correct=FALSE>pop()</answer>
            <answer correct=FALSE>extend()</answer>
        </question>
	</quiz>
</chapter>
